<?xml version="1.0"?>
<!DOCTYPE Configure PUBLIC "-//Jetty//Configure//EN" "https://www.eclipse.org/jetty/configure_10_0.dtd">

<Configure id="Server" class="org.eclipse.jetty.server.Server">

  <!-- ===================================================================== -->
  <!-- Get a reference to the default local cache.                           -->
  <!-- ===================================================================== -->
  <New id="cacheMgr" class="org.infinispan.manager.DefaultCacheManager">
    <Arg><Property name="jetty.base" default="."/>/etc/infinispan.xml</Arg>
    <Get id="cache" name="cache"></Get>
  </New>
  
  <!-- set queryMgrFactory reference to NullQueryManagerFactory -->
  <New id="queryMgrFactory" class="org.eclipse.jetty.session.infinispan.NullQueryManagerFactory"/>
  
</Configure> 
