<?xml version="1.0"?>
<!DOCTYPE Configure PUBLIC "-//Jetty//Configure//EN" "https://www.eclipse.org/jetty/configure_10_0.dtd">
<Configure id="httpConfig" class="org.eclipse.jetty.server.HttpConfiguration">
  <!-- =========================================================== -->
  <!-- configure rewrite rule container as a customizer            -->
  <!-- =========================================================== -->
  <Call name="addCustomizer">
    <Arg>
      <New id="Rewrite" class="org.eclipse.jetty.rewrite.RewriteCustomizer">
        <Set name="rewriteRequestURI" property="jetty.rewrite.rewriteRequestURI"/>
        <Set name="rewritePathInfo" property="jetty.rewrite.rewritePathInfo"/>
        <Set name="originalPathAttribute" property="jetty.rewrite.originalPathAttribute"/>
      </New>
    </Arg>
  </Call>  
</Configure>

