<?xml version="1.0" encoding="UTF-8"?>
<!DOCTYPE Configure PUBLIC "-//Jetty//Configure//EN" "https://www.eclipse.org/jetty/configure_10_0.dtd">

<Configure id="httpConnector" class="org.eclipse.jetty.server.ServerConnector">
  <Call name="addConnectionFactory">
    <Arg>
      <New class="org.eclipse.jetty.http2.server.HTTP2CServerConnectionFactory">
        <Arg name="config"><Ref refid="httpConfig"/></Arg>
        <Set name="maxConcurrentStreams" property="jetty.http2c.maxConcurrentStreams"/>
        <Set name="initialStreamRecvWindow" property="jetty.http2c.initialStreamRecvWindow"/>
        <Set name="initialSessionRecvWindow" property="jetty.http2.initialSessionRecvWindow"/>
        <Set name="maxSettingsKeys"><Property name="jetty.http2.maxSettingsKeys" default="64"/></Set>
        <Set name="rateControlFactory">
          <New class="org.eclipse.jetty.http2.parser.WindowRateControl$Factory">
            <Arg type="int"><Property name="jetty.http2.rateControl.maxEventsPerSecond" default="20"/></Arg>
          </New>
        </Set>
      </New>
    </Arg>
  </Call>
</Configure>
