<?xml version="1.0"?>
<!DOCTYPE Configure PUBLIC "-//Jetty//Configure//EN" "https://www.eclipse.org/jetty/configure_10_0.dtd">

<!-- =============================================================== -->
<!-- Mixin the GZIP Handler                                          -->
<!-- This applies the GZIP Handler to the entire server              -->
<!-- If a GZIP handler is required for an individual context, then   -->
<!-- use a context XML (see test.xml example in distribution)        -->
<!-- =============================================================== -->

<Configure id="Server" class="org.eclipse.jetty.server.Server">
  <Call name="insertHandler">
    <Arg>
      <New id="GzipHandler" class="org.eclipse.jetty.server.handler.gzip.GzipHandler">
        <Set name="minGzipSize" property="jetty.gzip.minGzipSize"/>
        <Set name="checkGzExists" property="jetty.gzip.checkGzExists"/>
        <Set name="compressionLevel" property="jetty.gzip.compressionLevel"/>
        <Set name="inflateBufferSize" property="jetty.gzip.inflateBufferSize"/>
        <Set name="inflaterPoolCapacity" property="jetty.gzip.inflaterPoolCapacity"/>
        <Set name="deflaterPoolCapacity" property="jetty.gzip.deflaterPoolCapacity"/>
        <Set name="syncFlush" property="jetty.gzip.syncFlush"/>
        <Set name="dispatcherTypes" property="jetty.gzip.dispatcherTypes"/>
        <Set name="includedMethodList" property="jetty.gzip.includedMethodList"/>
        <Set name="excludedMethodList" property="jetty.gzip.excludedMethodList"/>
        <Set name="includedMimeTypes" property="jetty.gzip.includedMimeTypeList"/>
        <Set name="excludedMimeTypes" property="jetty.gzip.excludedMimeTypeList"/>
        <Set name="includedPaths" property="jetty.gzip.includedPathList"/>
        <Set name="excludedPaths" property="jetty.gzip.excludedPathList"/>

<!--
        <Set name="includedMethods">
          <Array type="String">
            <Item>GET</Item>
          </Array>
        </Set>

        <Set name="includedPaths">
          <Array type="String">
            <Item>/*</Item>
          </Array>
        </Set>

        <Set name="excludedPaths">
          <Array type="String">
            <Item>*.gz</Item>
          </Array>
        </Set>

        <Call name="addIncludedMimeTypes">
          <Arg><Array type="String">
            <Item>some/type</Item>
          </Array></Arg>
        </Call>

        <Call name="addExcludedMimeTypes">
          <Arg><Array type="String">
            <Item>some/type</Item>
          </Array></Arg>
        </Call>
-->

      </New>
    </Arg>
  </Call>
</Configure>


