<?xml version="1.0"?>
<!DOCTYPE Configure PUBLIC "-//Jetty//Configure//EN" "https://www.eclipse.org/jetty/configure_10_0.dtd">

<Configure id="Server" class="org.eclipse.jetty.server.Server">


  <!-- ===================================================================== -->
  <!-- Configure a factory for HazelcastSessionDataStore using               -->
  <!-- an embedded Hazelcast Instance                                        -->
  <!-- ===================================================================== -->
  <Call name="addBean">
    <Arg>
      <New id="sessionDataStoreFactory" class="org.eclipse.jetty.hazelcast.session.HazelcastSessionDataStoreFactory">
        <Set name="mapName" property="jetty.session.hazelcast.mapName"/>
        <Set name="hazelcastInstanceName" property="jetty.session.hazelcast.hazelcastInstanceName"/>
        <Set name="useQueries" property="jetty.session.hazelcast.useQueries"/>
        <Set name="gracePeriodSec"><Property name="jetty.session.gracePeriod.seconds" default="3600" /></Set>
        <Set name="savePeriodSec"><Property name="jetty.session.savePeriod.seconds" default="0" /></Set>
        <Set name="configurationLocation"><Property name="jetty.session.hazelcast.configurationLocation" default="" /></Set>
      </New>
    </Arg>
  </Call>
</Configure> 
